Velocity2,Rise_In_Insulin,CGM_Difference,Skewness,Variance,Max_Value,Min_Value,Mean_Value,Entropy,RMS,bins,kmeans_bins,dbscan_bins
5.0,255.4,0.25301204819277107,-0.0006129976511438707,834.7990487514862,312.0,221.0,269.45,3.36153037165963,274.84,4,4,4
7.0,133.53333333333333,0.8035714285714286,-0.5410180777238278,1765.5671819262773,202.0,55.0,143.14,3.319937474185105,150.38,5,1,5
1.0,192.0,0.09743589743589744,-0.1173510758020525,3181.0059453032104,214.0,78.0,146.45,3.289489974241273,163.36,4,5,6
-4.0,170.73333333333332,0.1457286432160804,0.47905414820905057,1275.629013079667,228.0,118.0,164.52,3.3442378785862954,170.34,5,5,4
-1.0,154.66666666666666,0.10588235294117647,-0.46906622405367904,869.039239001189,188.0,99.0,145.17,3.3457557560970663,152.69,4,5,4
1.0,180.46666666666667,0.10982658959537572,-0.48624953970816465,456.16646848989296,192.0,119.0,164.62,3.3586510003822707,163.57,5,5,4
-5.0,211.6,0.056910569105691054,-0.010406260258882293,4493.705112960761,260.0,90.0,172.86,3.2893583956360226,193.37,4,3,4
-7.0,212.73333333333335,0.18532818532818532,0.5261600410570447,3154.832342449465,307.0,132.0,200.83,3.3293110330659554,215.28,5,3,4
1.0,112.8,0.16260162601626016,-0.5130103673660567,289.40784780023773,143.0,92.0,119.62,3.356873190249029,123.25,4,1,2
-2.0,188.33333333333334,0.0,-0.11138686019419378,1349.422116527943,205.0,115.0,160.48,3.340592808806049,169.11,5,5,4
7.0,163.33333333333334,1.3172413793103448,-0.16132379995924023,7314.240190249703,336.0,86.0,229.03,3.2929552063816976,232.6,4,3,4
0.0,256.1333333333333,0.22761194029850745,-0.13289637178603536,4546.064209274673,329.0,120.0,223.93,3.320157231364799,243.28,5,3,4
1.0,159.93333333333334,0.19879518072289157,-0.9762904323794556,446.23543400713436,199.0,112.0,167.38,3.3589101616569343,173.49,4,5,4
-2.0,176.73333333333332,0.10552763819095477,-0.007750214789476778,693.7883472057074,220.0,138.0,174.93,3.3558869602343355,180.59,5,5,4
1.0,210.13333333333333,0.07692307692307693,-0.10593176812876795,1957.4149821640901,224.0,101.0,161.59,3.3287541674715904,172.18,4,5,4
-6.0,131.6,0.24561403508771928,0.7514350816350678,1633.1961950059451,213.0,83.0,132.9,3.3232748639004566,142.09,5,1,5
7.0,183.46666666666667,0.5375722543352601,-0.4679094352827808,1216.2306777645658,264.0,157.0,217.9,3.3540686303388307,215.48,4,2,4
-6.0,226.2,0.10861423220973783,0.2742579310466956,3763.281807372176,296.0,127.0,201.45,3.321235023191644,217.99,6,3,4
-3.0,216.06666666666666,0.0502092050209205,0.03600809842353757,2766.2520808561235,251.0,112.0,177.24,3.3225867970030687,190.46,3,5,4
-3.0,148.93333333333334,0.2430939226519337,0.6789547918331338,1014.0332936979787,225.0,119.0,158.97,3.347851170470924,162.85,5,5,4
3.0,195.86666666666667,0.1116751269035533,-0.664043297390224,115.81926278240188,219.0,176.0,202.21,3.365860701389415,203.21,3,2,4
6.0,223.93333333333334,0.22448979591836735,0.5472800019489032,439.7312722948871,240.0,173.0,200.69,3.3619231805152063,203.7,5,2,4
-5.0,199.06666666666666,0.0,-0.041075633858633075,1686.2520808561237,239.0,125.0,180.76,3.34109984600792,190.8,4,5,4
-3.0,197.4,0.01282051282051282,-0.08021849372462338,4300.133174791915,237.0,74.0,156.93,3.275392553478828,176.84,6,3,6
3.0,251.0,0.4041666666666667,-0.059504714289130616,1210.5873959571938,337.0,221.0,277.59,3.35938355315193,276.44,3,4,4
-4.0,185.8,0.6713615023474179,0.8542541966744304,3713.959571938169,356.0,178.0,243.62,3.337626901486173,236.45,6,3,4
8.0,336.1333333333333,0.3422818791946309,-1.1143704185226555,3378.04042806183,400.0,198.0,341.55,3.3516194172466136,345.62,1,4,4
-5.0,78.0,0.6370370370370371,1.3385615227598098,1765.6908442330562,221.0,67.0,114.41,3.307064974187684,123.85,5,1,1
-7.0,142.26666666666668,0.3193717277486911,0.6987532032324284,2430.5921521997634,252.0,80.0,146.55,3.3130034933239987,158.58,2,1,5
0.0,155.2,0.2222222222222222,-0.1438425985316706,271.04161712247327,198.0,144.0,173.31,3.362750322092908,172.08,6,5,4
-6.0,174.73333333333332,0.12149532710280374,0.434236860016428,2190.877526753864,240.0,98.0,161.14,3.3259728117057987,171.86,1,5,6
2.0,230.06666666666666,0.09375,0.046185233364219744,1775.923900118906,245.0,126.0,180.28,3.339678480375888,190.42,5,2,4
-6.0,196.93333333333334,0.24066390041493776,0.6451423869393836,2569.074910820452,299.0,130.0,193.45,3.334193761662345,205.07,2,2,4
6.0,84.4,1.7971014492753623,-0.2582993799908277,2675.0011890606415,193.0,60.0,134.41,3.287798446746465,137.52,6,1,5
5.0,208.8,0.7727272727272727,0.005253636615723029,3802.856123662307,349.0,179.0,264.38,3.3397224754480495,261.26,1,3,4
4.0,319.93333333333334,0.11075949367088607,-0.5167837218555799,1263.1367419738408,351.0,232.0,310.03,3.3605633401098993,318.78,5,4,4
-2.0,232.06666666666666,0.0,-0.032510685075578694,1441.4149821640901,254.0,155.0,206.59,3.3502527528320583,215.21,2,2,4
0.0,156.73333333333332,0.15384615384615385,0.3605611743785321,171.88109393579077,195.0,147.0,163.34,3.364098526036326,165.43,6,5,4
-4.0,247.73333333333335,0.0,-0.07858426793203672,3461.217598097502,274.0,123.0,197.76,3.321819205975239,213.84,1,3,4
-4.0,227.86666666666667,0.07782101167315175,0.25862348620976583,1764.9845422116528,277.0,159.0,211.34,3.3477011615628762,220.33,5,2,4
-1.0,175.26666666666668,0.11518324607329843,0.9381978813518592,106.24256837098692,213.0,176.0,190.59,3.3658561224252743,189.03,3,5,4
-3.0,184.86666666666667,0.09433962264150944,0.09663480948397991,2648.1117717003567,232.0,99.0,157.48,3.3132169190556224,171.69,6,5,6
-2.0,173.66666666666666,0.04864864864864865,0.38831892227819165,167.14863258026156,194.0,149.0,167.76,3.364349717986899,170.24,3,5,4
9.0,169.8,1.3495934959349594,-0.39367894653439095,5140.145065398336,289.0,69.0,200.31,3.296926091823854,207.83,1,3,4
0.0,157.93333333333334,0.21084337349397592,-0.40833503289303574,829.6218787158144,201.0,100.0,156.41,3.3496928599222833,164.23,3,5,4
-1.0,167.33333333333334,0.1631578947368421,-0.31539766301541106,168.8703923900119,221.0,177.0,202.48,3.365219484608528,200.79,1,2,4
-10.0,154.06666666666666,0.0,-0.41591735093166565,1689.6218787158148,209.0,58.0,148.59,3.3257790424559857,161.31,5,5,5
1.0,73.86666666666666,0.6304347826086957,0.342664892980922,576.7158145065398,150.0,69.0,102.79,3.340280849055981,107.82,1,1,1
-5.0,135.2,0.043209876543209874,-0.40325741226256373,1053.8858501783593,169.0,59.0,117.9,3.3266527725873947,127.56,2,1,1
-5.0,205.26666666666668,0.06779661016949153,0.4556662672575912,1345.0344827586207,252.0,146.0,188.0,3.3486619027523026,195.41,3,2,4
7.0,135.93333333333334,1.150943396226415,-0.31723150958886215,1890.3495838287754,227.0,73.0,149.17,3.3218991352356104,146.08,3,1,5
4.0,278.26666666666665,0.11278195488721804,-0.6267833479067609,4299.042897039206,296.0,69.0,213.85,3.314909336637385,234.07,2,3,4
6.0,52.333333333333336,8.25,0.25122751979409386,16753.719381688465,370.0,40.0,192.07,3.1273769562166045,210.46,1,1,4
-3.0,323.53333333333336,0.051771117166212535,-0.8744902944726473,2527.0107015457793,386.0,201.0,323.24,3.3544737967541374,337.81,5,4,4
-6.0,294.8,0.04504504504504504,-0.5093504928813931,8661.474435196196,348.0,96.0,244.79,3.2862272741357943,274.45,1,3,4
-5.0,270.4,0.1326530612244898,0.11184137946295326,8008.211652794292,333.0,96.0,206.83,3.271095297183571,233.89,2,3,4
-1.0,205.46666666666667,0.06422018348623854,-0.6634954395449708,1307.0772889417362,232.0,124.0,187.52,3.3476566380038992,196.79,3,2,4
-5.0,176.06666666666666,0.03349282296650718,-0.126034514945269,1460.3943300201865,216.0,100.0,163.68,3.3392741458999966,174.14,2,5,4
2.0,129.73333333333332,0.5467625899280576,0.2429857073601599,1318.3638525564804,215.0,80.0,147.34,3.3367421795819694,152.86,3,1,4
1.0,253.0,0.4823529411764706,-0.10399465242372134,2859.512485136742,378.0,200.0,294.07,3.3504694696645525,288.62,2,4,4
1.0,253.0,0.4823529411764706,-0.10399465242372134,2859.512485136742,378.0,200.0,294.07,3.3504694696645525,288.62,1,4,4
1.0,315.4,0.11504424778761062,-1.306265483182626,3503.510107015458,378.0,149.0,315.72,3.3476958361716074,333.85,5,4,4
0.0,353.3333333333333,0.021621621621621623,-0.6994656470737807,10810.454221165279,378.0,96.0,275.45,3.28504143377339,309.16,1,3,4
-2.0,131.93333333333334,0.18543046357615894,-0.11730578102241222,693.2152199762188,179.0,89.0,130.52,3.346501222581337,137.2,2,1,4
8.0,126.33333333333333,0.95,0.09170200572173672,2506.799048751486,195.0,52.0,120.55,3.278107221140336,136.57,2,1,5
5.0,152.66666666666666,0.9714285714285714,-0.18323061388091,3197.2057074910817,276.0,105.0,200.03,3.3257159978445343,204.81,3,3,4
4.0,222.93333333333334,0.48672566371681414,0.38479318190372586,1766.9013079667066,336.0,190.0,256.83,3.3540649728044603,263.65,2,2,4
-1.0,210.8,0.14473684210526316,0.15712766557740127,453.2770511296076,261.0,179.0,219.59,3.362603305309812,222.8,1,2,4
0.0,228.06666666666666,0.13389121338912133,-0.23964239551955258,216.53269916765754,271.0,207.0,240.86,3.3654164428741384,244.63,5,2,4
2.0,88.6,0.84375,0.025167236827600345,755.6813317479189,177.0,91.0,131.21,3.3451393146954516,132.12,3,1,1
2.0,146.46666666666667,0.15384615384615385,-0.21679250231470923,59.954815695600495,165.0,136.0,152.1,3.3659941406393554,153.0,2,5,4
10.0,218.2,0.4427083333333333,-0.19149879422717794,1799.0963139120095,277.0,144.0,218.72,3.3480453158114205,227.33,3,2,4
3.0,207.66666666666666,0.105,-0.33881666391934645,1536.4137931034484,221.0,108.0,172.0,3.34025905626518,182.43,1,5,4
-0.0,73.26666666666667,0.7558139534883721,1.4669311107529523,293.68101764059423,146.0,76.0,96.24,3.352523316055619,92.06,5,1,1
2.0,92.8,0.7311827956989247,0.012770578110287936,899.9856925989532,161.0,84.0,123.75,3.3375595558817794,123.5,1,1,1
6.0,196.26666666666668,0.3352272727272727,-0.8881276220091073,704.8965517241379,233.0,148.0,203.0,3.3583455157239746,201.56,2,2,4
6.0,196.26666666666668,0.3352272727272727,-0.8881276220091073,704.8965517241379,233.0,148.0,203.0,3.3583455157239746,201.56,3,2,4
2.0,213.86666666666667,0.14150943396226415,-0.3878884771597029,101.40309155766943,242.0,207.0,226.9,3.366304700200183,227.59,2,2,4
-8.0,138.33333333333334,0.1,0.7921437997189608,828.8894173602853,209.0,115.0,149.72,3.3495398839417,154.11,3,5,4
3.0,159.53333333333333,0.21019108280254778,-0.5090452656745724,420.4209274673009,190.0,116.0,159.69,3.3588226047096565,164.69,2,5,4
2.0,59.06666666666667,1.8135593220338984,0.46452934864626,1213.0701545778832,166.0,58.0,99.41,3.307152468648355,102.81,1,1,1
10.0,157.53333333333333,1.4645669291338583,-0.1773278216463105,5016.984542211654,313.0,121.0,227.34,3.3165958760368985,228.63,5,3,4
12.0,143.53333333333333,1.6875,-0.39222442898429005,6756.570749108204,301.0,74.0,204.66,3.2776148354100725,217.15,1,3,4
5.0,340.2,0.14327485380116958,-0.31705765853718954,1064.2425683709866,391.0,286.0,346.59,3.362809416989116,353.69,1,4,4
4.0,134.66666666666666,0.56,0.5110611669928982,265.88585017835914,195.0,125.0,154.9,3.361821216183631,156.84,1,5,4
3.0,181.86666666666667,0.18681318681318682,-0.9422171835741361,265.01545778834713,216.0,159.0,195.14,3.3637132141666086,195.05,1,2,4
6.0,130.6,1.0873015873015872,0.12302183391895494,2280.2401902497027,263.0,115.0,183.03,3.3330051077264584,188.94,4,5,6
-1.0,134.06666666666666,0.20134228187919462,0.9964309366356114,100.48275862068965,179.0,132.0,149.0,3.3650760749907485,148.75,1,5,4
2.0,116.2,0.41025641025641024,-0.003632127218010206,402.76337693222365,165.0,107.0,137.83,3.3566361103920617,136.19,4,1,4
5.0,191.53333333333333,0.18181818181818182,-0.38059694439871017,1228.527942925089,221.0,100.0,167.24,3.3443338865370205,177.13,1,5,4
2.0,125.13333333333334,0.9514563106796117,0.26709928676316774,1703.246135552913,200.0,76.0,138.17,3.322758661216092,136.53,4,1,5
-1.0,223.53333333333333,0.008097165991902834,-0.39753168932028904,2621.2128418549346,249.0,102.0,187.55,3.327787579698899,199.79,1,2,4
5.0,106.13333333333334,1.0776699029126213,0.935022487753709,608.0879904875148,214.0,102.0,142.34,3.3528206976005186,143.64,3,1,1
4.0,134.8,0.3008130081300813,-0.6979445023030519,271.88585017835914,160.0,102.0,138.1,3.3599204332509918,136.6,4,5,4
2.0,148.26666666666668,0.3493150684931507,-0.01931137008444341,432.9036860879905,197.0,131.0,164.31,3.3592304972886535,162.66,1,5,4
1.0,184.0,0.2512820512820513,-0.11083602566050642,495.46730083234246,244.0,171.0,212.66,3.361778487787769,213.27,4,2,4
6.0,179.73333333333332,0.4155844155844156,-0.28264830310278244,521.9571938168848,218.0,141.0,182.21,3.359299227742231,183.39,4,5,4
6.0,179.73333333333332,0.4155844155844156,-0.28264830310278244,521.9571938168848,218.0,141.0,182.21,3.359299227742231,183.39,1,5,4
1.0,90.53333333333333,0.5979381443298969,0.1398104201227604,616.8513674197384,155.0,86.0,118.9,3.3454840241538646,119.0,1,1,1
2.0,252.93333333333334,0.06640625,-0.40348724302275485,1643.5362663495837,273.0,165.0,227.66,3.350929488356012,237.56,3,2,4
4.0,180.2,0.14689265536723164,-0.7882138787142698,799.7859690844233,203.0,116.0,170.72,3.3527910108855195,178.39,4,5,4
1.0,111.33333333333333,0.12173913043478261,-0.0782294702675662,28.82282996432818,129.0,107.0,117.93,3.3662574489347765,117.14,1,1,2
3.0,162.86666666666667,0.20958083832335328,-0.4837273783963563,279.05350772889415,202.0,131.0,173.34,3.3625556735608617,177.71,4,5,4
1.0,77.8,0.8279569892473119,0.07373837920158481,1049.797859690844,170.0,84.0,127.83,3.3349388705172074,127.98,1,1,1
-11.0,187.86666666666667,0.1322314049586777,0.3168156021137234,7028.0261593341265,274.0,47.0,144.79,3.196451469707417,175.66,3,3,4
3.0,73.66666666666667,1.8307692307692307,0.016293561935296998,2267.728894173603,184.0,47.0,114.83,3.2777270436801897,117.84,4,1,5
-0.0,175.46666666666667,0.005319148936170213,-1.3583827031305986,485.00118906064216,189.0,115.0,171.59,3.358484186238804,178.01,1,5,4
2.0,93.13333333333334,1.0097087378640777,0.2974135507062457,958.2116527942926,195.0,98.0,136.17,3.341680453932526,132.55,1,1,1
0.0,146.46666666666667,0.43670886075949367,0.1377583879026352,710.8323424494646,227.0,152.0,189.17,3.3573845372616256,191.13,1,5,4
3.0,104.0,0.4888888888888889,-0.687078599506193,357.80023781212844,134.0,76.0,110.31,3.3518457961935533,109.68,4,1,2
3.0,163.73333333333332,0.3136094674556213,-0.2138606146751679,884.4637336504162,222.0,116.0,171.14,3.3518288637406215,178.76,4,5,4
-1.0,84.46666666666667,1.0816326530612246,1.1639378109860685,835.2841854934602,192.0,90.0,116.48,3.3386547931339097,110.8,2,1,1
-2.0,180.13333333333333,0.21243523316062177,0.4689988786439051,628.4542211652793,234.0,138.0,179.55,3.357678522765702,181.74,1,5,4
1.0,78.53333333333333,1.2560975609756098,0.3920422455298983,1315.8692033293698,184.0,80.0,120.31,3.3226809751413406,117.66,1,1,1
-4.0,95.46666666666667,0.546875,1.2078385097823574,1304.3115338882285,198.0,70.0,104.41,3.312960560596145,112.68,1,1,1
2.0,98.0,0.2777777777777778,-0.6921348113125468,137.20808561236623,115.0,70.0,94.41,3.3593184720383613,93.34,1,1,2
3.0,144.0,0.9533333333333334,0.12918976132838333,3091.9548156956007,293.0,138.0,208.1,3.331447651299587,209.79,1,3,4
7.0,144.46666666666667,0.6484375,-0.5970255756674677,1207.1462544589774,211.0,115.0,173.48,3.346181539989505,174.98,4,5,4
4.0,146.33333333333334,0.7034482758620689,-0.05558921726132076,1760.0975029726515,247.0,131.0,189.62,3.3424143829477044,193.78,4,5,4
0.0,192.46666666666667,0.014778325123152709,-0.9040948557521905,318.9036860879905,206.0,144.0,187.31,3.362601113832005,190.94,1,2,4
-2.0,123.33333333333333,0.2413793103448276,0.026316731224227365,292.83472057074914,180.0,129.0,154.69,3.3611630790645566,152.75,1,5,4
3.0,147.53333333333333,0.176056338028169,0.059883151683155125,349.4673008323424,167.0,107.0,136.66,3.357910606829956,140.97,1,5,4
-4.0,82.6,0.10810810810810811,0.5871141181232731,294.48989298454217,123.0,72.0,92.69,3.350605692629549,95.34,4,1,1
2.0,286.46666666666664,0.09712230215827339,-1.0383936996387233,1960.8680142687278,305.0,160.0,248.55,3.3501451543910177,261.01,2,4,4
2.0,173.06666666666666,0.12849162011173185,-0.30966429461455264,165.96670630202144,202.0,159.0,183.41,3.364807347741012,185.98,2,5,4
-1.0,137.06666666666666,0.040268456375838924,0.02322149584690679,979.0844233055884,155.0,75.0,116.14,3.3305188430390364,123.57,2,1,1
2.0,115.73333333333333,0.25688073394495414,-0.7957234329104096,113.56242568370986,133.0,91.0,115.24,3.362896973971956,114.01,1,1,2
-1.0,108.8,0.13821138211382114,-0.5821848970490804,106.52318668252082,140.0,91.0,121.45,3.363604934677221,124.0,2,1,2
2.0,247.73333333333335,0.08196721311475409,0.2980233066351238,789.1319857312724,264.0,165.0,215.62,3.3588756336693395,219.37,2,2,4
-2.0,173.33333333333334,0.22439024390243903,-0.16269186581039072,1287.7193816884665,251.0,116.0,183.93,3.3477701847969557,193.52,1,5,4
-1.0,173.8,0.23232323232323232,-0.26225602526823744,1288.049940546968,244.0,112.0,179.14,3.346558605506451,188.86,1,5,4
13.0,233.13333333333333,0.5337078651685393,0.6664566199739955,2233.3745541022586,273.0,137.0,187.07,3.3366429371485276,197.7,3,2,4
-2.0,249.66666666666666,0.05,0.6594957889202255,2254.418549346017,273.0,139.0,186.83,3.336260434944507,198.03,4,2,4
1.0,161.2,0.7407407407407407,0.5658941102398912,1601.2009512485138,279.0,146.0,200.62,3.347916331602503,194.97,2,5,4
1.0,161.2,0.7407407407407407,0.5658941102398912,1601.2009512485138,279.0,146.0,200.62,3.347916331602503,194.97,2,5,4
2.0,162.06666666666666,0.7621951219512195,0.5168108174940883,1704.6967895362664,282.0,150.0,205.31,3.3475458694906344,199.89,2,2,4
5.0,218.86666666666667,0.38207547169811323,-0.5635693405111406,1502.6397146254458,293.0,178.0,251.66,3.3549932771403324,251.57,4,2,4
5.0,226.6,0.35648148148148145,-0.6641560283365424,1324.5850178359096,293.0,185.0,255.03,3.356715479032776,255.12,2,2,4
-3.0,227.66666666666666,0.07692307692307693,0.07318849421825066,3446.575505350772,280.0,122.0,199.1,3.3232920735536724,213.83,3,3,4
-8.0,198.0,0.13333333333333333,0.5577476200292553,2701.2675386444707,272.0,122.0,179.79,3.3269417237401755,192.02,1,5,4
5.0,127.6,1.2522522522522523,-0.2778276299422346,3282.0975029726524,243.0,81.0,170.62,3.307126986424043,171.39,3,3,5
1.0,236.13333333333333,0.03557312252964427,-1.1417955319239312,2299.277051129607,262.0,109.0,219.41,3.3406701136115227,233.93,4,2,4
1.0,244.26666666666665,0.043824701195219126,-0.8278571231786224,3065.443519619501,262.0,105.0,210.07,3.3288824508612542,226.54,2,2,4
-5.0,228.6,0.0038314176245210726,-0.11687240915849714,4019.907253269917,262.0,104.0,185.24,3.3062577183364827,203.5,2,3,4
-6.0,210.0,0.0784313725490196,0.20648937371859466,3108.183115338882,275.0,114.0,190.76,3.3245645550039735,205.77,2,3,4
-6.0,168.93333333333334,0.2559241706161137,0.6337988058491056,2445.5790725326992,265.0,105.0,162.72,3.322837081313309,175.97,4,5,6
-3.0,97.93333333333334,0.049586776859504134,-0.21066956003593748,563.053507728894,127.0,60.0,94.66,3.3347822503015254,100.02,2,1,1
5.0,224.86666666666667,0.1509433962264151,-1.184440394944042,1762.9916765755052,244.0,90.0,198.21,3.3421570357523844,211.06,3,2,4
1.0,228.46666666666667,0.04721030042918455,-0.9256191828434206,2539.3602853745538,244.0,87.0,189.86,3.3277068793423568,205.29,1,2,4
-4.0,207.13333333333333,0.025210084033613446,-0.21940621559821902,3801.8263971462547,244.0,87.0,168.97,3.296492690673353,187.55,3,3,4
-5.0,204.53333333333333,0.05172413793103448,-0.08239978166915289,3885.95957193817,244.0,87.0,164.38,3.2920613607509157,183.15,4,3,4
4.0,190.33333333333334,0.15428571428571428,0.6552482613123761,810.5778834720569,202.0,118.0,150.79,3.350027448372465,156.86,2,5,4
-5.0,179.53333333333333,0.0,0.6463963047681764,829.9595719381689,202.0,118.0,150.38,3.3495145613839643,156.03,2,5,4
3.0,90.2,0.5977011494252874,-0.27442881831715576,325.51724137931035,135.0,86.0,112.0,3.354044792635087,111.72,2,1,1
-0.0,162.0,0.022222222222222223,-0.9646927155676226,539.2841854934602,184.0,101.0,158.48,3.3559253288564306,164.99,4,5,4
1.0,163.06666666666666,0.027932960893854747,-0.9605720522523644,685.4435196195005,184.0,92.0,156.07,3.3522423228667897,163.55,2,5,4
-3.0,191.0,0.01904761904761905,-0.5620289747297477,2842.6492271105826,214.0,63.0,150.38,3.296986298665814,167.13,3,5,6
1.0,213.66666666666666,0.12608695652173912,-0.425946158462382,1284.0760998810938,259.0,142.0,208.69,3.3520423797177483,217.95,1,2,4
-1.0,236.4,0.040160642570281124,-0.17821734180258142,1838.1117717003567,259.0,141.0,199.48,3.3436384874312086,209.59,3,2,4
0.0,226.86666666666667,0.06607929515418502,-0.36978475178994313,2114.8085612366226,242.0,109.0,182.86,3.334093830569294,194.55,4,2,4
-5.0,201.86666666666667,0.0,0.027259362868604982,2132.1307966706304,242.0,109.0,174.72,3.3318653421907123,184.98,2,5,4
3.0,121.13333333333334,1.0593220338983051,0.2840761301321221,1907.346016646849,241.0,109.0,169.41,3.3342755526660635,166.09,2,5,6
5.0,218.33333333333334,0.37073170731707317,-0.060492200381682085,1010.2996432818073,281.0,169.0,227.9,3.3574758750546576,232.98,2,2,4
-4.0,258.8,0.029304029304029304,-0.25118853015053,2695.0297265160525,281.0,128.0,207.93,3.334880601338483,222.01,4,2,4
-8.0,216.26666666666665,0.05639097744360902,0.1984643057034782,3317.800237812128,281.0,120.0,191.69,3.322052474152417,207.38,2,3,4
6.0,129.8,0.9907407407407407,0.10209270242253295,2082.9298454221166,215.0,76.0,143.03,3.315418122653726,154.7,3,1,5
6.0,157.26666666666668,0.4726027397260274,0.2584872071638078,1802.3186682520804,215.0,91.0,145.48,3.324844783690271,156.72,1,5,5
1.0,228.06666666666666,0.02510460251046025,0.15092337862238464,968.1379310344828,245.0,157.0,201.0,3.355335899367796,204.92,3,2,4
-6.0,143.46666666666667,0.20689655172413793,0.9099884783099762,692.0737217598098,245.0,157.0,191.17,3.3581483743173446,193.8,4,5,4
0.0,152.93333333333334,0.42771084337349397,0.318112924437886,894.9583828775268,233.0,151.0,190.28,3.3550759095625677,187.82,2,5,4
6.0,178.53333333333333,0.5058139534883721,-0.3058384506807163,1042.0689655172414,255.0,164.0,212.0,3.3554480019599624,209.54,2,2,4
-5.0,173.8,0.03755868544600939,0.15856002158202762,1521.0606420927468,221.0,107.0,164.79,3.3392308762294225,172.25,4,5,4
1.0,229.6,0.032520325203252036,-0.10684495081388928,996.3043995243756,254.0,163.0,212.38,3.3561303662155733,217.48,4,2,4
3.0,182.73333333333332,0.391304347826087,-0.27773282894838164,939.4910820451844,256.0,163.0,214.48,3.356886973930898,211.88,1,2,4
-3.0,196.93333333333334,0.061946902654867256,0.005270291003433724,1182.6944114149824,240.0,141.0,190.17,3.3508149490245893,198.32,4,2,4
-5.0,148.4,0.14465408805031446,0.37667064351926627,793.4720570749109,182.0,93.0,130.9,3.344482175275289,134.51,4,1,4
1.0,202.66666666666666,0.06046511627906977,-0.4658697598195141,962.1569560047564,228.0,142.0,189.66,3.3534804401993514,197.14,4,2,4
3.0,160.66666666666666,0.6903225806451613,0.16290610777437356,1303.6123662306777,259.0,141.0,192.21,3.349631074365173,187.5,1,5,4
4.0,199.66666666666666,0.505,-0.04645762713579505,1370.23305588585,299.0,185.0,244.79,3.3557697539572255,241.36,4,2,4
-3.0,266.3333333333333,0.003389830508474576,-0.24135949106737628,2659.780986319854,296.0,165.0,238.02,3.343139578716425,250.9,4,2,4
2.0,184.33333333333334,0.25263157894736843,-0.05054314934578714,131.26991676575508,226.0,173.0,200.38,3.3656571103839084,198.56,4,2,4
-3.0,185.86666666666667,0.2358490566037736,0.48774182784756864,336.1141498216409,250.0,192.0,217.24,3.3637763692171605,215.32,1,2,4
-1.0,244.2,0.0449438202247191,-0.8949807760075845,141.65041617122478,279.0,233.0,261.93,3.366248337095125,262.83,4,4,4
-5.0,214.46666666666667,0.05241935483870968,-0.54504193936144,3865.5172413793102,261.0,72.0,187.0,3.305839207335639,206.39,4,3,4
4.0,241.0,0.4041666666666667,-0.3678204024264919,1361.0772889417362,337.0,208.0,277.52,3.3582628057369597,276.92,4,4,4
-2.0,280.6,0.013071895424836602,-0.3133924195802739,2218.2996432818068,310.0,190.0,258.1,3.350184718157412,269.08,1,4,4
4.0,304.4,0.26537216828478966,-0.476224642842068,1303.205707491082,391.0,270.0,343.03,3.361643566565984,341.67,4,4,4
-1.0,360.3333333333333,0.015584415584415584,-1.359053616993502,1777.5124851367418,391.0,244.0,347.93,3.359476429425188,359.82,4,4,4
-12.0,251.4,0.05084745762711865,0.6584023832286899,3655.4554102259217,372.0,210.0,274.31,3.343877192062895,287.61,2,4,4
-4.0,222.13333333333333,0.35074626865671643,1.4102396066261689,2066.68252080856,362.0,195.0,245.72,3.351357479848126,254.19,2,2,4
-1.0,180.73333333333332,0.40654205607476634,0.7015625623165708,560.7300832342451,288.0,195.0,231.45,3.362166220251542,226.92,1,2,4
7.0,296.53333333333336,0.24187725631768953,-0.2515904222100014,1091.6313912009514,344.0,250.0,306.24,3.361405724576173,310.38,4,4,4
2.0,197.86666666666667,0.3756345177664975,-0.23205022617383506,810.9417360285374,271.0,155.0,213.76,3.3582573803871543,215.8,1,2,4
-2.0,139.13333333333333,0.1656441717791411,-0.1859575171969626,1045.281807372176,190.0,85.0,139.45,3.3395000232149887,148.33,4,1,4
-2.0,139.46666666666667,0.09090909090909091,0.24705229243639606,752.3020214030914,156.0,84.0,114.21,3.3386652360937776,120.55,4,1,1
0.0,220.13333333333333,0.11764705882352941,-0.26656049433431633,269.2770511296076,266.0,182.0,229.41,3.364711569457402,230.37,2,2,4
-2.0,230.93333333333334,0.17012448132780084,0.5763895350938917,463.2461355529132,280.0,215.0,241.17,3.363371365347768,237.42,2,2,4
-7.0,275.3333333333333,0.1032258064516129,-0.028230764609594918,6117.131985731274,342.0,115.0,228.38,3.3065091156776085,251.49,1,3,4
-9.0,218.6,0.19202898550724637,0.4089482555378572,5015.797859690844,329.0,115.0,201.17,3.306325034947676,220.38,4,3,4
-3.0,167.33333333333334,0.09473684210526316,-0.4365407099023307,614.7253269916765,208.0,115.0,170.59,3.3564132843968832,168.02,4,5,4
1.0,232.33333333333334,0.108,-0.748588174240248,4074.5184304399513,277.0,91.0,206.41,3.3137181811061875,225.72,2,3,4
-0.0,190.53333333333333,0.4801980198019802,0.7578898746570245,1674.9892984542212,299.0,138.0,209.9,3.348875743663224,202.34,2,2,4
0.0,341.06666666666666,0.11420612813370473,-0.43517902937242064,429.1652794292509,400.0,340.0,378.28,3.3657830253082888,377.69,1,4,4
-11.0,273.46666666666664,0.13313609467455623,0.22235033926872727,10964.523186682523,383.0,88.0,218.45,3.2499519522967315,254.04,4,3,4
-1.0,206.26666666666668,0.02262443438914027,-0.32604497910134755,1257.8953626634957,226.0,125.0,181.03,3.347490665024174,188.65,4,5,4
4.0,166.93333333333334,0.26519337016574585,0.12702887785995748,503.5600475624257,229.0,143.0,183.48,3.3598112833213185,186.34,2,5,4
4.0,214.8,0.36363636363636365,-0.5454835716461734,891.7740784780021,270.0,182.0,234.14,3.3589313191830943,233.36,2,2,4
-3.0,280.8,0.0,-0.3258284950733893,240.97265160523185,318.0,262.0,290.69,3.365860308155576,293.3,1,4,4
-1.0,277.53333333333336,0.035830618892508145,-0.21722620074367985,297.281807372176,318.0,257.0,288.45,3.365499679911206,291.63,4,4,4
-2.0,230.13333333333333,0.08300395256916997,-0.14751749959165514,3125.148632580262,274.0,117.0,199.76,3.3268208001327557,213.77,3,2,4
-5.0,147.93333333333334,0.011049723756906077,0.13376915996500233,784.7395957193816,183.0,94.0,138.14,3.3466800907460845,141.22,1,1,4
5.0,192.66666666666666,0.3027027027027027,-0.5157587635325009,1665.5576694411413,241.0,108.0,185.55,3.341671152787068,196.84,1,5,4
4.0,220.86666666666667,0.13679245283018868,-0.22459742473930017,1986.4875148632577,241.0,108.0,179.83,3.3354478209494953,190.19,4,5,4
1.0,157.4,0.20754716981132076,0.3482606373261983,51.54577883472058,184.0,153.0,164.62,3.3663486478521114,163.13,1,5,4
0.0,153.06666666666666,0.9207317073170732,0.9612894586149487,2974.6254458977405,315.0,162.0,207.17,3.3348190409873073,200.13,4,3,4
8.0,202.73333333333332,0.9347826086956522,-0.26259932363580657,4573.343638525565,355.0,164.0,264.97,3.333405427242506,262.68,3,3,4
-7.0,272.53333333333336,0.08695652173913043,-0.1059345650894744,6312.834720570749,350.0,127.0,235.31,3.3078594873203833,258.61,1,3,4
